                  epoch,         train/box_loss,         train/cls_loss,         train/dfl_loss,   metrics/precision(B),      metrics/recall(B),       metrics/mAP50(B),    metrics/mAP50-95(B),           val/box_loss,           val/cls_loss,           val/dfl_loss,                 lr/pg0,                 lr/pg1,                 lr/pg2
                      1,                 3.7201,                 4.1643,                 4.1392,                0.00228,                0.05033,                0.00409,                0.00128,                 3.8573,                 4.7867,                 4.2492,             0.00032937,             0.00032937,             0.00032937
                      2,                  3.216,                  3.393,                 3.5376,                0.55275,                0.07356,                 0.0342,                 0.0108,                  3.013,                 4.5832,                 3.5028,             0.00065614,             0.00065614,             0.00065614
                      3,                 2.8941,                 3.0593,                 3.0969,                0.49781,                0.13959,                0.11714,                0.04187,                 2.6748,                 3.3263,                 2.8766,             0.00097631,             0.00097631,             0.00097631
